Food Name,Magnesium,Sodium,Potassium,Copper,Manganese,Molybdenum,Zinc,Chromium,Sulphur,Chlorine,Calcium,Phosphorus,Iron
BAJRA,137.0,10.9,307.0,1.1,1.2,0.1,3.1,0.0,147.0,39.0,42.0,296.0,8.0
BARLEY,21.0,0.0,0.0,1.2,1.0,0.0,1.2,0.0,130.0,91.0,26.0,215.0,1.67
ITALIAN MILLET,81.0,4.6,250.0,1.4,0.6,0.1,2.4,0.0,171.0,37.0,31.0,290.0,2.8
JOWAR,171.0,7.3,131.0,0.5,0.8,0.0,1.6,0.0,54.0,44.0,25.0,222.0,4.1
"MAIZE,dry",139.0,15.9,286.0,0.4,0.5,0.0,2.8,0.0,114.0,33.0,10.0,348.0,2.3
"MAIZE, tender",40.0,51.7,151.0,0.0,0.0,0.0,0.0,0.0,61.0,34.0,9.0,121.0,1.1
PANIVARAGU,153.0,8.2,113.0,1.6,0.6,0.0,1.4,0.0,157.0,19.0,14.0,206.0,0.8
RAGI,137.0,11.0,408.0,0.5,5.5,0.1,2.3,0.0,160.0,44.0,344.0,283.0,3.9
"RICE, parboiled, handpounded",157.0,0.0,0.0,0.2,1.1,0.1,1.4,0.0,0.0,0.0,10.0,280.0,2.8
"RICE, parboiled,milled",76.0,0.0,0.0,0.2,0.7,0.1,1.4,0.0,0.0,0.0,9.0,143.0,1.0
"RICE, raw, handpounded",0.0,0.0,0.0,0.0,0.0,0.0,0.0,0.0,0.0,0.0,10.0,190.0,3.2
"RICE, raw, milled",77.0,0.0,0.0,0.1,0.6,0.1,1.4,0.0,0.0,0.0,10.0,160.0,0.7
"RICE, bran",0.0,0.0,0.0,0.0,0.0,0.0,0.0,0.0,0.0,0.0,67.0,1410.0,35.0
"RICE, flakes",101.0,10.9,154.0,0.4,0.0,0.0,0.0,0.0,105.0,17.0,20.0,238.0,20.0
"RICE, puffed",0.0,8.1,0.0,0.0,0.0,0.0,0.0,0.0,0.0,0.0,23.0,150.0,6.6
SAMAI,133.0,0.0,129.0,1.0,0.7,0.0,3.7,0.2,149.0,13.0,17.0,220.0,9.3
SANWA MILLET,82.0,4.6,0.0,0.6,1.0,0.0,3.0,0.1,0.0,0.0,20.0,280.0,5.0
VARAGU,147.0,4.5,144.0,1.6,1.1,0.0,0.7,0.0,136.0,11.0,27.0,188.0,0.5
"WHEAT, bulgar (parboiled)",144.0,17.1,260.0,0.6,0.0,0.0,0.0,0.0,143.0,22.0,37.0,298.0,4.9
"WHEAT, whole",138.0,20.0,284.0,0.7,2.3,0.1,2.7,0.0,128.0,47.0,41.0,306.0,5.3
"WHEAT, flour(whole)",132.0,9.3,315.0,0.5,2.3,0.0,2.2,0.0,122.0,29.0,48.0,355.0,4.9
"WHEAT, flour(refined)",54.0,21.0,130.0,0.2,0.6,0.0,0.6,0.0,115.0,47.0,23.0,121.0,2.7
"WHEAT, germ",0.0,0.0,0.0,0.0,0.0,0.0,0.0,0.0,0.0,0.0,40.0,846.0,6.0
"WHEAT, semolina",0.0,21.0,83.0,0.0,0.0,0.0,0.0,0.0,0.0,0.0,16.0,102.0,1.6
"WHEAT, vermicelli",42.0,7.9,138.0,0.3,0.0,0.0,0.0,0.0,145.0,46.0,22.0,92.0,2.0
"WHEAT, bread, (brown)",0.0,0.0,0.0,0.0,0.0,0.0,0.0,0.0,0.0,0.0,18.0,0.0,2.2
"WHEAT, bread, (white)",0.0,0.0,0.0,0.0,0.0,0.0,0.0,0.0,0.0,0.0,11.0,0.0,1.1
"BENGAL GRAM, whole",143.0,37.3,808.0,1.1,1.0,0.2,4.5,0.0,179.0,58.0,202.0,312.0,4.6
"BENGAL GRAM, dhal",130.0,73.2,720.0,1.3,1.1,0.2,1.7,0.0,160.0,39.0,56.0,331.0,5.3
"BENGAL GRAM, roasted",0.0,0.0,0.0,0.0,0.0,0.0,0.0,0.0,0.0,0.0,58.0,340.0,9.5
"BLACK GRAM, dhal",142.0,39.8,800.0,1.0,1.0,0.6,3.2,0.0,174.0,9.0,154.0,385.0,3.8
COWPEA,210.0,23.2,1131.0,0.9,1.3,1.9,4.6,0.0,165.0,10.0,77.0,414.0,8.6
"FIELD BEAN, dry",0.0,0.0,0.0,0.0,0.0,0.0,0.0,0.0,0.0,0.0,60.0,433.0,2.7
"GREEN GRAM, whole",127.0,28.0,843.0,0.4,2.5,0.3,3.0,0.0,188.0,12.0,124.0,326.0,4.4
"GREEN GRAM, dhal",122.0,27.2,1150.0,0.4,1.0,0.4,2.8,0.0,214.0,8.0,75.0,405.0,3.9
"HORSE GRAM, whole",156.0,11.5,762.0,1.8,1.6,0.7,2.8,0.0,181.0,0.0,287.0,311.0,6.77
"KHESARI, dhal",92.0,37.7,644.0,0.8,0.0,0.0,0.0,0.0,144.0,36.0,90.0,317.0,6.3
LENTIL,77.0,40.1,629.0,1.6,0.9,0.2,3.0,0.0,104.0,19.0,69.0,293.0,7.58
MOTH BEANS,225.0,29.5,1096.0,0.9,0.0,0.0,0.0,0.0,180.0,9.0,202.0,230.0,9.5
PEAS green,34.0,7.8,79.0,0.2,0.0,0.0,0.0,0.0,95.0,20.0,20.0,139.0,1.5
"PEAS, dry",100.0,20.4,725.0,1.3,0.6,0.6,2.3,0.0,189.0,59.0,75.0,298.0,7.05
"PEAS, roasted",122.0,14.7,750.0,1.3,0.0,0.0,0.0,0.0,200.0,73.0,81.0,345.0,6.4
RAJMAH,184.0,0.0,0.0,1.5,1.6,0.0,4.5,0.0,0.0,0.0,260.0,410.0,5.1
"RED GRAM, dhal",88.0,0.0,1104.0,1.2,0.8,0.3,2.0,0.0,177.0,5.0,73.0,304.0,2.7
"RED GRAM, tender",58.0,28.5,463.0,0.4,0.0,0.0,0.0,0.0,494.0,22.0,57.0,164.0,1.1
SOYABEAN,206.5,0.0,0.0,1.3,2.2,0.0,3.9,0.0,0.0,0.0,240.0,690.0,10.4
AGATHI,0.0,0.0,0.0,0.0,0.0,0.0,0.0,0.0,0.0,0.0,1130.0,80.0,3.9
AMARANTH caudatus,0.0,0.0,0.0,0.0,0.0,0.0,0.0,0.0,0.0,0.0,200.0,40.0,0.0
"AMARANTH, tender gangeticus",122.0,230.0,341.0,0.1,0.4,0.1,0.2,0.0,61.0,88.0,397.0,83.0,3.49
"AMARANTH, stem gangeticus",0.0,0.0,0.0,0.0,0.4,0.0,0.0,0.0,0.0,0.0,260.0,30.0,1.8
"AMARANTH, paniculatus",0.0,0.0,0.0,0.0,0.0,0.0,0.0,0.0,0.0,0.0,530.0,60.0,18.4
"AMARANTH, polygonoides",0.0,0.0,0.0,0.0,0.0,0.0,0.0,0.0,0.0,0.0,251.0,55.0,27.3
"AMARANTH, spinosus",0.0,0.0,0.0,0.0,0.0,0.0,0.0,0.0,0.0,0.0,800.0,50.0,22.9
AMARANTH species (Chakravarthikeerai),0.0,0.0,0.0,0.0,0.0,0.0,0.0,0.0,0.0,0.0,321.0,71.0,18.0
AMARANTH species (koyakeerai),0.0,0.0,0.0,0.0,0.0,0.0,0.0,0.0,0.0,0.0,292.0,51.0,2.5
AMARANTH tristis,0.0,0.0,0.0,0.0,0.0,0.0,0.0,0.0,0.0,0.0,364.0,52.0,38.5
"AMARANTH, viridis",0.0,0.0,0.0,0.0,0.0,0.0,0.0,0.0,0.0,0.0,330.0,52.0,18.7
AMBAT CHUKA,123.0,0.0,0.0,0.0,0.0,0.0,0.3,0.0,0.0,0.0,63.0,17.0,0.75
BATHUA LEAVES,0.0,0.0,0.0,0.0,0.0,0.0,0.0,0.0,0.0,0.0,150.0,80.0,4.2
BEET GREENS,0.0,0.0,0.0,0.0,0.0,0.0,0.0,0.0,0.0,0.0,380.0,30.0,16.2
BENGAL GRAM LEAVES,0.0,0.0,0.0,0.0,0.0,0.0,0.0,0.0,0.0,0.0,340.0,120.0,23.8
BETEL LEAVES,447.0,0.0,0.0,2.3,4.5,0.0,3.4,0.1,0.0,0.0,230.0,40.0,10.6
BOTTLE GOURD LEAVES,0.0,0.0,0.0,0.0,0.0,0.0,0.0,0.0,0.0,0.0,80.0,59.0,0.0
BROAD BEAN LEAVES,0.0,0.0,0.0,0.0,0.0,0.0,0.0,0.0,0.0,0.0,111.0,149.0,0.0
BRUSSELS SPROUTS,26.0,7.9,477.0,0.1,0.0,0.0,0.0,0.0,212.0,22.0,43.0,82.0,1.8
CABBAGE,31.0,0.0,0.0,0.0,0.2,0.1,0.3,0.0,0.0,0.0,39.0,44.0,0.8
CARROT LEAVES,0.0,0.0,0.0,0.0,0.0,0.0,0.0,0.0,0.0,0.0,340.0,110.0,8.8
CAULIFLOWER LEAVES,0.0,0.0,0.0,0.0,0.0,0.0,0.0,0.0,0.0,0.0,626.0,107.0,40.0
CELERY LEAVES,52.0,35.5,210.0,0.3,0.0,0.0,0.0,0.0,102.0,19.0,230.0,140.0,6.3
CELERY STALK,0.0,0.0,0.0,0.0,0.0,0.0,0.0,0.0,0.0,0.0,30.0,38.0,4.8
CHEKKUR MANIS,0.0,0.0,0.0,0.0,0.0,0.0,0.0,0.0,0.0,0.0,570.0,200.0,28.0
COLOCASIA LEAVES (black variety),32.0,0.0,0.0,0.2,0.0,0.0,0.0,0.0,0.0,72.0,460.0,125.0,0.98
COLOCASIA LEAVES (green variety),0.0,0.0,0.0,0.0,0.0,0.0,0.0,0.0,0.0,0.0,227.0,82.0,10.0
COLACASIA LEAVES (dried),0.0,0.0,0.0,0.0,0.0,0.0,0.0,0.0,0.0,0.0,1546.0,308.0,0.0
CORIANDER LEAVES,31.0,58.3,256.0,0.1,0.5,1.1,0.3,0.0,49.0,43.0,184.0,71.0,1.42
COW PEA LEAVES,0.0,0.0,0.0,0.0,0.0,0.0,0.0,0.0,0.0,0.0,290.0,58.0,20.1
CURRY LEAVES,44.0,0.0,0.0,0.1,0.2,0.0,0.2,0.0,81.0,198.0,830.0,57.0,0.93
DRUMSTICK LEAVES,42.0,0.0,259.0,0.1,0.4,0.0,0.2,0.0,137.0,423.0,440.0,70.0,0.85
FENUGREEK LEAVES,33.0,76.1,31.0,0.1,0.2,0.4,0.4,0.0,167.0,165.0,395.0,51.0,1.93
"FETID CASSIA, fresh",0.0,0.0,0.0,0.0,0.0,0.0,0.0,0.0,0.0,0.0,520.0,39.0,12.4
FETID CASSIA (dried),0.0,0.0,0.0,0.0,0.0,0.0,0.0,0.0,0.0,0.0,3200.0,292.0,0.0
GARDEN CRESS,0.0,0.0,0.0,0.0,0.0,0.0,0.0,0.0,0.0,0.0,360.0,110.0,28.6
GARDEN SORREL (sepals),0.0,0.0,0.0,0.0,0.0,0.0,0.0,0.0,0.0,0.0,130.0,20.0,1.7
GOGU,66.0,0.0,0.0,0.1,0.3,0.0,0.3,0.0,60.0,19.0,172.0,40.0,2.28
IPOMOEA STEMS,0.0,0.0,0.0,0.0,0.0,0.0,0.0,0.0,0.0,0.0,80.0,30.0,0.8
IPOMOEA LEAVES,0.0,0.0,0.0,0.0,0.0,0.0,0.0,0.0,0.0,0.0,110.0,46.0,3.9
KNOL-KHOL GREENS,0.0,0.0,0.0,0.0,0.0,0.0,0.0,0.0,0.0,0.0,740.0,50.0,13.3
KUPPAMENI,0.0,0.0,0.0,0.0,0.0,0.0,0.0,0.0,0.0,0.0,667.0,99.0,17.3
LETTUCE,30.0,58.0,33.0,0.1,0.0,0.0,0.0,0.0,27.0,23.0,50.0,28.0,2.4
"LETTUCE TREE LEAVES, mature",0.0,0.0,0.0,0.0,0.0,0.0,0.0,0.0,0.0,0.0,320.0,80.0,2.6
"LETTUCE TREE LEAVES, tender",0.0,0.0,0.0,0.0,0.0,0.0,0.0,0.0,0.0,0.0,170.0,60.0,3.6
MENATHAKKALI LEAVES,0.0,0.0,0.0,0.0,0.0,0.0,0.0,0.0,0.0,0.0,410.0,70.0,20.5
MAYALU,0.0,0.0,0.0,0.0,0.0,0.0,0.0,0.0,0.0,0.0,200.0,35.0,10.0
MINT,60.0,0.0,0.0,0.2,0.6,0.0,0.4,0.0,84.0,34.0,200.0,62.0,15.6
MODAKANTHAN KEERAI,0.0,0.0,0.0,0.0,0.0,0.0,0.0,0.0,0.0,0.0,0.0,0.0,0.0
MUKARRATE KEERAI,0.0,0.0,0.0,0.0,0.0,0.0,0.0,0.0,0.0,0.0,667.0,99.0,18.4
MUSTARD LEAVES,0.0,0.0,0.0,0.0,0.0,0.0,0.0,0.0,0.0,0.0,155.0,26.0,16.3
NEERINGI,0.0,0.0,0.0,0.0,0.0,0.0,0.0,0.0,0.0,0.0,1550.0,82.0,9.2
PARSLEY,0.0,0.0,0.0,0.0,0.0,0.0,0.0,0.0,0.0,0.0,390.0,175.0,17.9
PARUPPU KEERAI,120.0,67.2,716.0,0.2,0.0,0.0,0.0,0.0,63.0,73.0,111.0,45.0,14.8
PONNANGANNI,46.0,0.0,0.0,0.2,0.5,0.0,0.0,0.0,13.0,0.0,510.0,60.0,1.63
PUMPKIN LEAVES,0.0,0.0,0.0,0.0,0.0,0.0,0.0,0.0,0.0,0.0,392.0,112.0,0.0
RADISH LEAVES,22.0,0.0,0.0,0.0,0.0,0.0,0.1,0.0,0.0,0.0,265.0,59.0,0.09
TABLE RADISH LEAVES,0.0,0.0,0.0,0.0,0.0,0.0,0.0,0.0,0.0,0.0,310.0,60.0,18.0
RAPE LEAVES,0.0,0.0,0.0,0.0,0.0,0.0,0.0,0.0,0.0,0.0,100.0,100.0,1.2
RAPE LEAVES,0.0,0.0,0.0,0.0,0.0,0.0,0.0,0.0,0.0,0.0,370.0,110.0,12.5
RAPE LEAVES (dried),0.0,0.0,0.0,0.0,0.0,0.0,0.0,0.0,0.0,0.0,3095.0,500.0,0.0
SAFFLOWER LEAVES,51.0,126.4,181.0,0.2,0.0,0.0,0.0,0.0,0.0,235.0,185.0,35.0,5.7
SHEPU,0.0,0.0,0.0,0.0,0.0,0.0,0.0,0.0,0.0,0.0,190.0,42.0,17.4
SPINACH,64.0,58.5,206.0,0.1,0.6,0.0,0.3,0.0,30.0,54.0,73.0,21.0,1.14
SPINACH stalks,0.0,0.0,0.0,0.0,0.0,0.0,0.0,0.0,0.0,0.0,90.0,20.0,1.6
SUSNI SAG,0.0,0.0,0.0,0.0,0.0,0.0,0.0,0.0,0.0,0.0,53.0,91.0,0.0
"TAMARIND LEAVES, tender",26.0,0.0,0.0,0.0,0.1,0.0,0.3,0.0,63.0,94.0,101.0,140.0,0.3
TURNIP GREENS,0.0,0.0,0.0,0.0,0.0,0.0,0.0,0.0,0.0,0.0,710.0,60.0,28.4
ARROW ROOT FLOUR,0.0,30.0,20.0,0.0,0.0,0.0,0.0,0.0,0.0,0.0,10.0,20.0,1.0
BANANA RHIZOME,0.0,0.0,0.0,0.0,0.0,0.0,0.0,0.0,0.0,0.0,25.0,10.0,1.1
BEET ROOT,9.0,59.8,43.0,0.3,0.2,0.0,0.9,0.0,14.0,24.0,18.3,55.0,1.19
CARROT,17.0,35.6,108.0,0.1,0.2,0.0,0.4,0.0,27.0,13.0,80.0,530.0,1.03
COLOCASIA,28.0,9.0,550.0,0.2,0.3,0.0,0.3,0.0,0.0,0.0,40.0,140.0,0.42
KHAMALU,0.0,0.0,0.0,0.0,0.0,0.0,0.0,0.0,0.0,0.0,16.0,31.0,0.5
MANGO GINGER,0.0,0.0,0.0,0.0,0.0,0.0,0.0,0.0,0.0,0.0,25.0,90.0,2.6
"ONION, big",16.0,4.0,127.0,0.2,0.2,0.0,0.4,0.0,0.0,0.0,46.9,50.0,0.6
"ONION, small",0.0,0.0,0.0,0.0,0.0,0.0,0.0,0.0,0.0,0.0,40.0,60.0,1.2
PARSNIP,0.0,0.0,0.0,0.0,0.0,0.0,0.0,0.0,0.0,0.0,50.0,40.0,0.5
POTATO,30.0,11.0,247.0,0.2,0.1,0.1,0.5,0.0,37.0,16.0,10.0,40.0,0.48
"RADISH, pink",196.0,63.5,10.0,0.1,0.2,0.0,0.7,0.0,0.0,0.0,50.0,20.0,0.37
RADISH rat-tailed,0.0,0.0,0.0,0.0,0.0,0.0,0.0,0.0,0.0,0.0,78.0,24.0,0.0
"RADHISH, table",0.0,0.0,0.0,0.0,0.0,0.0,0.0,0.0,0.0,0.0,20.0,20.0,1.0
"RADISH, white",0.0,33.0,138.0,0.4,0.0,0.0,0.0,0.0,0.0,0.0,35.0,22.0,0.4
SWEET POTATO,27.0,9.0,393.0,0.0,0.2,0.0,0.1,0.0,0.0,0.0,46.0,50.0,0.21
TAPIOCA,0.0,0.0,0.0,0.0,0.0,0.0,0.0,0.0,0.0,0.0,50.0,40.0,0.9
"TAPIOCA, chips, dried",66.0,7.5,764.0,0.2,0.0,0.0,0.0,0.0,58.0,10.0,91.0,70.0,3.6
TURNIP,0.0,0.0,0.0,0.0,0.0,0.0,0.0,0.0,0.0,0.0,30.0,40.0,0.4
"YAM, elephant",0.0,0.0,0.0,0.0,0.0,0.0,0.0,0.0,0.0,0.0,50.0,34.0,0.6
"YAM, ordinary",17.0,9.0,237.0,0.1,0.1,0.0,0.5,0.0,0.0,0.0,35.0,20.0,1.19
"YAM, wild",34.0,11.0,450.0,0.2,0.0,0.0,0.0,0.0,35.0,29.0,20.0,74.0,1.0
ASH GUARD,0.0,0.0,0.0,0.0,0.0,0.0,0.0,0.0,0.0,0.0,30.0,20.0,0.8
"BEANS, scarlet runner",0.0,0.0,0.0,0.0,0.0,0.0,0.0,0.0,0.0,0.0,50.0,160.0,2.6
BITTER GOURD,36.0,17.8,152.0,0.1,0.1,0.0,0.5,0.0,15.0,8.0,20.0,70.0,0.61
"BITTER GOURD, small",33.0,2.4,171.0,0.1,0.1,0.0,0.4,0.0,21.0,8.0,23.0,38.0,2.0
BOTTLE GOURD,26.0,1.8,87.0,0.0,0.1,0.0,0.2,0.0,10.0,5.0,23.0,10.0,0.46
BRINJAL,15.0,3.0,200.0,0.1,0.1,0.0,0.2,0.0,44.0,52.0,18.0,47.0,0.38
BROAD BEANS,33.0,43.5,39.0,0.2,0.0,0.0,0.0,0.0,53.0,43.0,50.0,64.0,1.4
CAULIFLOWER,18.0,53.0,138.0,0.1,0.1,0.0,0.4,0.0,231.0,34.0,33.0,57.0,1.23
CHO-CHO-MARROW,0.0,0.0,0.0,0.0,0.0,0.0,0.0,0.0,0.0,0.0,140.0,30.0,0.6
CLUSTER BEANS,47.0,0.0,0.0,0.1,0.1,0.0,0.4,0.0,0.0,0.0,130.0,57.0,1.08
COLOCASIA STEM,0.0,0.0,0.0,0.0,0.0,0.0,0.0,0.0,0.0,0.0,60.0,20.0,0.5
COW PEA PODS,0.0,0.0,0.0,0.0,0.0,0.0,0.0,0.0,0.0,0.0,72.0,59.0,2.5
CUCUMBER,14.0,10.2,50.0,0.1,0.1,0.1,0.2,0.0,17.0,15.0,10.0,25.0,0.6
DOUBLE BEANS,0.0,0.0,0.0,0.0,0.0,0.0,0.0,0.0,0.0,0.0,40.0,140.0,2.3
DRUM STICK,28.0,0.0,259.0,0.0,0.1,0.0,0.2,0.0,137.0,423.0,30.0,110.0,0.18
DRUMSTICK flowers,0.0,0.0,0.0,0.0,0.0,0.0,0.0,0.0,0.0,0.0,51.0,90.0,0.0
"FIELD BEANS, tender",17.0,55.4,74.0,0.1,0.1,0.0,0.4,0.0,40.0,31.0,210.0,68.0,0.83
"FIGS, red (Ficus cunia)",0.0,0.0,0.0,0.0,0.0,0.0,0.0,0.0,0.0,0.0,187.0,39.0,0.0
FRENCH BEANS,38.0,4.3,120.0,0.1,0.1,0.0,0.4,0.0,37.0,10.0,50.0,28.0,0.61
GHOSALA,0.0,0.0,0.0,0.0,0.0,0.0,0.0,0.0,0.0,0.0,36.0,19.0,1.1
GIANT CHILLIES (capsicum),12.0,0.0,0.0,0.1,0.1,0.0,0.1,0.0,0.0,0.0,10.0,30.0,0.567
"JACK, tender",0.0,35.0,328.0,0.0,0.0,0.0,0.0,0.0,0.0,0.0,30.0,40.0,1.7
"JACK, fruit seed",54.0,63.2,246.0,0.2,0.0,0.0,0.0,0.0,356.0,14.0,50.0,97.0,1.5
KANKODA,0.0,0.0,0.0,0.0,0.0,0.0,0.0,0.0,0.0,0.0,33.0,42.0,4.6
KARONDA fresh,0.0,0.0,0.0,0.0,0.0,0.0,0.0,0.0,0.0,0.0,21.0,28.0,0.0
KARONDA dry,0.0,0.0,0.0,0.0,0.0,0.0,0.0,0.0,0.0,0.0,160.0,60.0,39.1
KHEKSA,0.0,0.0,0.0,0.0,0.0,0.0,0.0,0.0,0.0,0.0,27.0,38.0,0.0
KOVAI,36.0,0.0,0.0,0.1,0.2,0.0,0.3,0.0,0.0,0.0,40.0,30.0,0.38
KNOL-KHOL,33.0,112.0,37.0,0.1,0.1,0.0,0.2,0.0,143.0,67.0,20.0,35.0,1.54
LADIES FINGERS,53.0,6.9,103.0,0.1,0.2,0.0,0.4,0.0,30.0,41.0,66.0,56.0,0.35
"LAKUCH, raw",0.0,0.0,0.0,0.0,0.0,0.0,0.0,0.0,0.0,0.0,67.0,25.0,0.0
LEEKS,0.0,0.0,0.0,0.0,0.0,0.0,0.0,0.0,0.0,0.0,50.0,70.0,2.3
"LOTUS STEM, dry",168.0,438.0,3007.0,1.2,0.0,0.0,0.0,0.0,258.0,444.0,405.0,128.0,60.6
MANGO GREEN,16.0,43.0,83.0,0.0,0.1,0.0,0.1,0.1,15.0,2.0,10.0,19.0,0.33
ONION STALKS,104.0,2.2,109.0,0.5,0.7,0.0,2.3,0.0,33.0,7.0,50.0,50.0,7.43
PAPAYA GREEN,0.0,23.0,216.0,0.0,0.0,0.0,0.0,0.0,0.0,0.0,28.0,40.0,0.9
PARWAR,9.0,2.6,83.0,1.1,0.0,0.0,0.0,0.0,17.0,4.0,30.0,40.0,1.7
PINK BEANS,0.0,32.2,117.0,0.1,0.0,0.0,0.0,0.0,182.0,47.0,54.0,70.0,1.5
PLANTAIN FLOWER,54.0,20.1,185.0,0.1,0.0,0.0,0.0,0.0,68.0,68.0,32.0,42.0,1.6
"PLANTAIN, green",13.0,15.0,193.0,0.0,0.3,0.0,0.1,0.0,15.0,6.0,10.0,29.0,6.27
"PLANTAIN, stem",0.0,0.0,0.0,0.0,0.0,0.0,0.0,0.0,0.0,0.0,10.0,10.0,1.1
PUMPKIN,38.0,5.6,139.0,0.1,0.1,0.0,0.3,0.0,16.0,4.0,10.0,30.0,0.44
PUMPKIN flowers,0.0,0.0,0.0,0.0,0.0,0.0,0.0,0.0,0.0,0.0,120.0,60.0,0.0
RIDGE GOURD,32.0,2.9,50.0,0.1,0.1,0.0,0.4,0.0,14.0,7.0,18.0,26.0,0.39
SNAKE GOURD,28.0,25.4,34.0,0.3,0.1,0.0,0.3,0.0,35.0,21.0,26.0,20.0,1.51
"SUNDAKAI, dry",0.0,0.0,0.0,0.0,0.0,0.0,0.0,0.0,0.0,0.0,390.0,180.0,22.2
SWORD BEANS,0.0,29.0,1800.0,0.0,0.0,0.0,0.0,0.0,0.0,0.0,60.0,40.0,2.0
"TINDA, tender",14.0,35.0,24.0,0.1,0.0,0.0,0.0,0.0,0.0,44.0,25.0,24.0,0.9
"TOMOTO, green",15.0,45.8,114.0,0.2,0.0,0.0,0.0,0.0,24.0,38.0,20.0,36.0,1.8
VEGETABLE MARROW,13.0,27.3,94.0,0.2,0.0,0.0,0.0,0.0,11.0,9.0,10.0,30.0,0.6
"WATER CHEST NUT, fresh",72.0,0.0,0.0,1.3,0.9,0.0,1.6,0.0,0.0,0.0,20.0,150.0,1.35
"WATER CHESTNUT, dry",0.0,0.0,0.0,0.0,0.0,0.0,0.0,0.0,0.0,0.0,70.0,440.0,2.4
ALMOND,373.0,0.0,0.0,1.0,1.9,0.0,3.6,0.2,0.0,0.0,230.0,490.0,5.09
ARECANUT,74.5,0.0,0.0,1.7,2.2,0.0,0.8,0.4,0.0,0.0,50.0,130.0,1.5
AVOCADOPEAR (nut),0.0,0.0,0.0,0.0,0.0,0.0,0.0,0.0,0.0,0.0,20.0,80.0,1.2
CASHEWNUT,349.0,0.0,0.0,1.7,1.4,0.0,6.0,0.2,0.0,0.0,50.0,450.0,5.81
CHILGOZA,0.0,0.0,0.0,0.0,0.0,0.0,0.0,0.0,0.0,0.0,91.0,494.0,3.6
"COCONUT,dry",0.0,0.0,0.0,1.0,6.2,0.0,5.0,0.0,0.0,0.0,400.0,210.0,7.8
"COCONUT, fresh",0.0,0.0,0.0,0.0,0.0,0.0,0.0,0.0,0.0,0.0,10.0,240.0,1.7
COCONUT tender,0.0,0.0,0.0,0.0,0.0,0.0,0.0,0.0,0.0,0.0,10.0,30.0,0.9
"COCONUT, milk",0.0,0.0,0.0,0.0,0.0,0.0,0.0,0.0,0.0,0.0,15.0,140.0,1.6
"COCONUT, water",0.0,0.0,0.0,0.0,0.0,0.0,0.0,0.0,0.0,0.0,24.0,10.0,0.1
"COCONUT, meal deoiled",355.0,72.5,2003.0,0.0,0.0,0.0,0.0,0.0,431.0,374.0,112.0,646.0,69.4
GARDEN CRESS SEEDS,430.0,0.0,0.0,0.0,0.0,0.0,0.0,0.0,1.0,41.0,377.0,723.0,100.0
GINGELLY SEEDS,0.0,0.0,0.0,2.3,1.3,0.2,12.2,0.1,0.0,0.0,1450.0,570.0,9.3
GROUNDNUT,0.0,0.0,0.0,0.9,1.1,0.2,3.9,0.0,0.0,0.0,90.0,350.0,2.5
"GROUNDNUT, roasted",0.0,0.0,0.0,0.0,0.0,0.0,0.0,0.0,0.0,0.0,77.0,370.0,3.1
GROUNDNUT CAKE,0.0,0.0,0.0,0.0,0.0,0.0,0.0,0.0,0.0,0.0,213.0,548.0,0.0
LINSEED,0.0,0.0,0.0,0.0,0.0,0.0,0.0,0.0,0.0,0.0,170.0,370.0,2.7
MUSTARD SEEDS,0.0,0.0,0.0,0.8,2.6,0.1,4.8,0.1,0.0,0.0,490.0,700.0,7.9
NIGER SEEDS,0.0,0.0,0.0,0.0,0.0,0.0,0.0,0.0,0.0,0.0,300.0,224.0,56.7
PISTACHIONUT,0.0,0.0,0.0,0.0,0.0,0.0,0.0,0.0,0.0,0.0,140.0,430.0,7.7
PIYAL SEEDS,373.0,10.2,436.0,0.9,0.0,0.0,0.0,0.0,186.0,25.0,279.0,528.0,8.5
SAFFLOWER SEEDS,0.0,0.0,0.0,1.6,1.1,0.1,5.2,0.0,0.0,0.0,236.0,823.0,4.6
SUNFLOWER SEEDS,0.0,0.0,0.0,0.0,0.0,0.0,0.0,0.0,0.0,0.0,280.0,670.0,5.0
WALNUT,302.0,0.0,0.0,1.7,2.6,0.0,2.3,0.1,0.0,0.0,100.0,380.0,2.64
WATER MELON SEEDS (kernal),0.0,0.0,0.0,0.0,0.0,0.0,0.0,0.0,0.0,0.0,100.0,937.0,7.4
ARISITHIPPILI,0.0,0.0,0.0,0.0,0.0,0.0,0.0,0.0,0.0,0.0,460.0,325.0,13.5
ASAFOETIDA,80.0,0.0,0.0,0.4,1.1,0.0,0.8,0.1,0.0,0.0,690.0,50.0,39.4
CARDAMOM,173.0,0.0,0.0,0.5,8.9,0.0,2.8,0.0,0.0,0.0,130.0,160.0,4.6
"CHILLIES, dry",0.0,14.0,530.0,0.0,0.0,0.0,0.0,0.0,0.0,0.0,160.0,370.0,2.3
"CHILLIES, green",272.0,0.0,0.0,1.4,1.4,0.1,1.8,0.0,0.0,0.0,30.0,80.0,4.4
"CLOVES, dry",130.0,0.0,0.0,1.0,4.8,0.0,1.5,0.1,0.0,0.0,740.0,100.0,11.7
"CLOVES, green",0.0,0.0,0.0,0.0,0.0,0.0,0.0,0.0,0.0,0.0,310.0,40.0,2.1
CORIANDER,239.0,32.0,990.0,1.0,1.7,0.0,3.3,0.1,0.0,0.0,630.0,393.0,7.1
CUMIN SEEDS,475.0,126.0,980.0,0.7,1.0,0.0,2.7,0.0,0.0,0.0,1080.0,511.0,11.7
FENUGREEK SEEDS,124.0,19.0,530.0,0.7,1.0,0.0,3.1,0.1,0.0,0.0,160.0,370.0,6.5
"GARLIC, dry",71.0,0.0,0.0,0.6,0.9,0.0,1.9,0.0,0.0,0.0,30.0,310.0,1.2
"GINGER, fresh",405.0,0.0,0.0,0.7,9.2,0.0,1.9,0.1,0.0,0.0,20.0,60.0,3.5
LIME PEEL,0.0,0.0,0.0,0.0,0.0,0.0,0.0,0.0,0.0,0.0,710.0,60.0,2.7
MACE,213.0,0.0,0.0,1.6,1.5,0.0,1.3,0.0,0.0,0.0,180.0,100.0,12.3
MANGO POWDER,0.0,0.0,0.0,0.0,0.0,0.0,0.0,0.0,0.0,0.0,180.0,16.0,45.2
NUTMEG,229.0,0.0,0.0,0.7,1.8,0.0,1.2,0.2,0.0,0.0,120.0,240.0,2.03
NUTMEG rind,0.0,0.0,0.0,0.0,0.0,0.0,0.0,0.0,0.0,0.0,40.0,10.0,2.0
OMUM,141.0,0.0,0.0,1.0,3.4,0.0,4.5,0.1,0.0,0.0,1525.0,443.0,12.5
"PEPPER, dry",171.0,0.0,0.0,1.4,4.1,0.0,1.3,0.1,0.0,0.0,460.0,198.0,12.4
"PEPPER, green",0.0,0.0,0.0,0.0,0.0,0.0,0.0,0.0,0.0,0.0,270.0,70.0,2.4
PEPPALI,0.0,0.0,0.0,0.0,0.0,0.0,0.0,0.0,0.0,0.0,1230.0,190.0,62.1
POPPY SEEDS,257.0,0.0,0.0,0.6,4.3,0.0,4.3,0.1,0.0,0.0,1584.0,432.0,15.9
TAMARIND PULP,41.0,0.0,0.0,0.2,0.6,0.0,0.0,0.1,0.0,0.0,170.0,110.0,17.0
TURMERIC,278.0,0.0,0.0,0.4,8.4,0.0,2.7,0.1,0.0,0.0,150.0,282.0,67.8
AMBADA,0.0,0.0,0.0,0.0,0.0,0.0,0.0,0.0,0.0,0.0,36.0,11.0,3.9
AMLA,0.0,5.0,225.0,0.0,0.0,0.0,0.0,0.0,0.0,0.0,50.0,20.0,1.2
APPLE,7.0,28.0,75.0,0.1,0.1,0.0,0.1,0.0,7.0,1.0,10.0,14.0,0.66
"APRICOT, fresh",0.0,0.0,430.0,0.1,0.0,0.0,0.0,0.0,0.0,0.0,20.0,25.0,2.2
"APRICOT, dried",0.0,0.0,0.0,0.0,0.0,0.0,0.0,0.0,0.0,0.0,110.0,70.0,4.6
AVOCADO PEAR,0.0,0.0,0.0,0.0,0.0,0.0,0.0,0.0,0.0,0.0,10.0,80.0,0.7
BAEL FRUIT,0.0,0.0,600.0,0.2,0.0,0.0,0.0,0.0,0.0,0.0,85.0,50.0,0.6
BANANA RIPE,41.0,36.6,88.0,0.2,0.2,0.0,0.2,0.0,7.0,8.0,17.0,36.0,0.36
BANYAN TREE FIGS,0.0,0.0,0.0,0.0,0.0,0.0,0.0,0.0,0.0,0.0,364.0,43.0,0.0
BILIMBI,0.0,0.0,130.0,0.1,0.0,0.0,0.0,0.0,0.0,0.0,15.0,10.0,1.2
BREAD FRUIT,0.0,0.0,0.0,0.0,0.0,0.0,0.0,0.0,0.0,0.0,40.0,30.0,0.5
BULLOCK'S HEART,0.0,0.0,0.0,0.0,0.0,0.0,0.0,0.0,0.0,0.0,10.0,10.0,0.6
CAPE GOOSEBERRY,31.0,0.9,320.0,0.2,0.0,0.0,0.0,0.0,43.0,12.0,10.0,67.0,2.0
CASHEW FRUIT,0.0,0.0,0.0,0.0,0.0,0.0,0.0,0.0,0.0,0.0,10.0,10.0,0.2
"CHERRIES, red",27.0,0.0,320.0,0.1,0.8,0.0,0.3,0.0,0.0,0.0,24.0,25.0,0.57
"CURRANTS, black",0.0,0.0,0.0,0.0,0.0,0.0,0.0,0.0,0.0,0.0,130.0,110.0,8.5
"DATES, dried",0.0,0.0,0.0,0.0,0.0,0.0,0.0,0.0,0.0,0.0,120.0,50.0,7.3
DATES fresh,12.0,0.0,0.0,0.1,0.0,0.0,0.0,0.0,0.0,0.0,22.0,38.0,0.96
FIGS (Ficus carcia),0.0,0.0,0.0,0.0,0.0,0.0,0.0,0.0,0.0,0.0,80.0,30.0,1.0
"GRAPES, blue variety",0.0,0.0,0.0,0.0,0.0,0.0,0.0,0.0,0.0,0.0,20.0,23.0,0.5
"GRAPES, Pale green variety",82.0,0.0,0.0,0.2,0.1,0.0,0.1,0.0,0.0,0.0,20.0,30.0,0.52
"GRAPE FRUIT, Marsh's seedless",0.0,0.0,0.0,0.0,0.0,0.0,0.0,0.0,0.0,0.0,30.0,30.0,0.2
"GRAPE FRUIT, triumph",0.0,0.0,0.0,0.0,0.0,0.0,0.0,0.0,0.0,0.0,20.0,20.0,0.2
"GUAVA, country",24.0,5.5,91.0,0.1,0.1,0.0,0.2,0.0,14.0,4.0,10.0,28.0,0.27
"GUAVA, hill",0.0,0.0,0.0,0.0,0.0,0.0,0.0,0.0,0.0,0.0,50.0,20.0,1.2
HARFAROWRIE,0.0,0.0,0.0,0.0,0.0,0.0,0.0,0.0,0.0,0.0,6.0,6.0,0.0
JACK FRUIT,24.0,0.0,0.0,0.1,0.1,0.0,0.1,0.0,69.0,9.0,20.0,41.0,0.56
"JAMB, safed",0.0,0.0,0.0,0.0,0.0,0.0,0.0,0.0,0.0,0.0,17.0,3.0,0.1
JAMBU FRUIT,39.0,26.2,55.0,0.1,0.2,0.0,0.2,0.0,13.0,8.0,15.0,15.0,0.43
KORUKKAPALLI,40.0,37.0,377.0,0.6,0.0,0.0,0.0,0.0,109.0,51.0,14.0,49.0,1.0
LAKUCH,0.0,0.0,0.0,0.0,0.0,0.0,0.0,0.0,0.0,0.0,50.0,20.0,0.5
LEMON,19.0,0.0,270.0,0.1,0.1,0.0,0.1,0.0,0.0,0.0,70.0,10.0,0.26
LEMON SWEET,0.0,0.0,210.0,0.1,0.0,0.0,0.0,0.0,0.0,0.0,30.0,20.0,0.7
LICHI,10.0,124.9,159.0,0.3,0.0,0.0,0.0,0.0,19.0,3.0,10.0,35.0,0.7
"LICHIES, bastard",0.0,0.0,0.0,0.0,0.0,0.0,0.0,0.0,0.0,0.0,15.0,35.0,0.0
LIME,0.0,0.0,0.0,0.0,0.0,0.0,0.0,0.0,0.0,0.0,90.0,20.0,0.3
"LIME, sweet, malta",0.0,0.0,170.0,0.5,0.0,0.0,0.0,0.0,0.0,0.0,30.0,20.0,1.0
"LIME, sweet, musambi",0.0,0.0,490.0,0.2,0.0,0.0,0.0,0.0,0.0,0.0,40.0,30.0,0.7
LOQUAT,0.0,0.0,390.0,0.1,0.0,0.0,0.0,0.0,0.0,0.0,30.0,20.0,1.3
MAHUA,0.0,0.0,0.0,0.0,0.0,0.0,0.0,0.0,0.0,0.0,45.0,22.0,0.23
MANGO RIPE,270.0,26.0,205.0,0.1,0.1,0.0,0.3,0.0,17.0,3.0,14.0,16.0,1.3
MANGOSTEEN,0.0,0.0,0.0,0.0,0.0,0.0,0.0,0.0,0.0,0.0,10.0,20.0,0.2
"MELON, musk",31.0,104.6,341.0,0.0,0.0,0.0,0.0,0.0,32.0,80.0,32.0,14.0,1.4
"MELON, sweeter",13.0,27.3,160.0,0.1,0.0,0.0,0.0,0.0,42.0,21.0,11.0,12.0,7.9
MULBERRY,0.0,0.0,0.0,0.0,0.0,0.0,0.0,0.0,0.0,0.0,70.0,30.0,2.3
ORANGE,9.0,4.5,9.3,0.6,0.0,0.0,0.0,0.0,7.0,5.0,26.0,20.0,0.32
ORANGE JUICE,0.0,0.0,0.0,0.0,0.0,0.0,0.0,0.0,0.0,0.0,5.0,9.0,0.7
PALMYRA FRUIT ripe (mesocarp),0.0,0.0,0.0,0.0,0.0,0.0,0.0,0.0,0.0,0.0,9.0,33.0,0.0
"PALMYRA FRUIT, tender",0.0,0.0,0.0,0.0,0.0,0.0,0.0,0.0,0.0,0.0,10.0,20.0,0.5
"PAPAYA, ripe",11.0,6.0,69.0,0.2,0.0,0.0,0.0,0.0,13.0,11.0,17.0,13.0,0.5
PASSION FRUIT,0.0,0.0,0.0,0.0,0.0,0.0,0.0,0.0,0.0,0.0,10.0,60.0,2.0
PASSION FRUIT JUICE,0.0,0.0,0.0,0.0,0.0,0.0,0.0,0.0,0.0,0.0,10.0,30.0,0.7
PEACHES,21.0,2.0,453.0,0.1,0.0,0.0,0.0,0.0,26.0,0.0,15.0,41.0,2.4
PEARS,7.0,6.1,96.0,0.4,0.0,0.0,0.0,0.0,14.0,1.0,8.0,15.0,0.5
PERSIMMON,0.0,0.0,0.0,0.0,0.0,0.0,0.0,0.0,0.0,0.0,15.0,10.0,0.3
PHALSA,72.0,4.4,351.0,0.1,0.0,0.0,0.0,0.0,13.0,86.0,129.0,39.0,3.1
PINE APPLE,33.0,34.7,37.0,0.1,0.6,0.0,0.1,0.0,20.0,13.0,20.0,9.0,2.42
PLUM,147.0,0.8,247.0,0.1,0.0,0.0,0.0,0.0,33.0,0.0,10.0,12.0,0.6
POMEGRANATE,44.0,0.9,133.0,0.3,0.8,0.0,0.8,0.0,12.0,2.0,10.0,70.0,1.79
PRUNES,0.0,0.0,0.0,0.0,0.0,0.0,0.0,0.0,0.0,0.0,10.0,18.0,0.0
PUMMELO,0.0,0.0,0.0,0.0,0.0,0.0,0.0,0.0,0.0,0.0,30.0,30.0,0.3
QUINCE,0.0,0.0,0.0,0.0,0.0,0.0,0.0,0.0,0.0,0.0,10.0,20.0,0.4
RAISINS,0.0,0.0,0.0,0.0,0.0,0.0,0.0,0.0,0.0,0.0,87.0,80.0,7.7
RASPBERRY,0.0,0.0,0.0,0.0,0.0,0.0,0.0,0.0,0.0,0.0,40.0,110.0,2.3
ROSE APPLE,4.0,34.1,50.0,0.0,0.0,0.0,0.0,0.0,13.0,4.0,10.0,30.0,0.5
SAPOTA,25.0,5.9,269.0,0.1,0.7,0.0,0.2,0.0,17.0,26.0,28.0,27.0,1.25
SEETHAPHAL,84.0,0.0,0.0,0.4,0.6,0.0,0.8,0.0,0.0,0.0,17.0,47.0,4.31
STRAWBERRY,0.0,0.0,0.0,0.0,0.0,0.0,0.0,0.0,0.0,0.0,30.0,30.0,1.8
TOMATO RIPE,0.0,12.9,146.0,0.2,0.3,0.0,0.4,0.0,11.0,6.0,48.0,20.0,0.64
TOMATILO,23.0,0.4,243.0,0.1,0.0,0.0,0.0,0.0,27.0,14.0,7.0,40.0,1.4
TREE TOMATO,34.0,1.7,539.0,0.2,0.0,0.0,0.0,0.0,37.0,10.0,12.0,46.0,1.0
WOOD APPLE,41.0,0.0,0.0,0.2,0.2,0.0,0.5,0.0,0.0,0.0,130.0,110.0,0.48
ZIZYPHUS,13.0,0.0,0.0,0.1,0.2,0.0,0.1,0.0,0.0,0.0,4.0,9.0,0.5
AIR,0.0,0.0,0.0,0.1,0.0,0.0,0.0,0.0,0.0,0.0,380.0,180.0,0.7
ANCHOVY,0.0,0.0,0.0,0.0,0.0,0.0,0.0,0.0,0.0,0.0,143.0,174.0,1.5
BACHA,0.0,0.0,0.0,0.1,0.0,0.0,0.0,0.0,0.0,0.0,520.0,180.0,0.7
BAM,0.0,0.0,0.0,0.1,0.0,0.0,0.0,0.0,0.0,0.0,330.0,240.0,0.8
BASPATA MACHLI,0.0,0.0,0.0,0.0,0.0,0.0,0.0,0.0,0.0,0.0,175.0,225.0,0.0
"BATA, small varieties",0.0,0.0,0.0,0.2,0.0,0.0,0.0,0.0,0.0,0.0,790.0,200.0,1.1
BELEY,0.0,0.0,0.0,0.0,0.0,0.0,0.0,0.0,0.0,0.0,370.0,330.0,1.0
"BHANGER, fresh",0.0,0.0,0.0,0.0,0.0,0.0,0.0,0.0,0.0,0.0,182.0,190.0,1.2
BHAGON dried,0.0,0.0,0.0,0.0,0.0,0.0,0.0,0.0,0.0,0.0,6235.0,207.0,9.3
BHANGAN BATA,0.0,0.0,0.0,0.0,0.0,0.0,0.0,0.0,0.0,0.0,580.0,310.0,1.1
BHEKTI fresh,0.0,66.0,173.0,0.1,0.0,0.0,0.0,0.0,0.0,0.0,480.0,350.0,3.1
BHEKTI dried,0.0,0.0,0.0,0.0,0.0,0.0,0.0,0.0,0.0,0.0,939.0,347.0,15.0
BHOLA,0.0,0.0,0.0,0.1,0.0,0.0,0.0,0.0,0.0,0.0,550.0,580.0,0.4
BIG JAWED JUMPER,0.0,0.0,0.0,0.0,0.0,0.0,0.0,0.0,0.0,0.0,214.0,306.0,3.4
BOAL,0.0,0.0,0.0,0.1,0.0,0.0,0.0,0.0,0.0,0.0,160.0,490.0,0.6
"BOMBAY DUCK, dried",0.0,0.0,0.0,0.0,0.0,0.0,0.0,0.0,0.0,0.0,1389.0,240.0,19.1
BLUE MUSSEL,0.0,0.0,0.0,0.0,0.0,0.0,0.0,0.0,0.0,0.0,1134.0,286.0,8.0
CAT FISH,0.0,0.0,0.0,0.0,0.0,0.0,0.0,0.0,0.0,0.0,10.0,230.0,0.0
CHELA,0.0,0.0,0.0,0.0,0.0,0.0,0.0,0.0,0.0,0.0,590.0,340.0,2.0
CHELA dried,0.0,0.0,0.0,0.5,0.0,0.0,0.0,0.0,0.0,0.0,3590.0,2342.0,0.0
CHINGRI small dried,0.0,0.0,0.0,0.0,0.0,0.0,0.0,0.0,0.0,0.0,3539.0,354.0,27.9
"CHINGRI goda, dried",0.0,0.0,0.0,1.4,0.0,0.0,0.0,0.0,0.0,0.0,3847.0,828.0,49.6
CHITAL,0.0,34.0,119.0,0.2,0.0,0.0,0.0,0.0,0.0,0.0,180.0,250.0,3.0
CRAB muscle,0.0,0.0,0.0,0.0,0.0,0.0,0.0,0.0,0.0,0.0,1370.0,150.0,21.2
CRAB small,0.0,0.0,0.0,0.0,0.0,0.0,0.0,0.0,0.0,0.0,1606.0,253.0,0.0
FOLUI,0.0,0.0,0.0,0.0,0.0,0.0,0.0,0.0,0.0,0.0,590.0,450.0,1.7
GHOL,0.0,0.0,0.0,0.0,0.0,0.0,0.0,0.0,0.0,0.0,90.0,150.0,2.1
GOGGLER,0.0,0.0,0.0,0.0,0.0,0.0,0.0,0.0,0.0,0.0,437.0,349.0,8.2
"HERRING, Indian",0.0,0.0,0.0,0.0,0.0,0.0,0.0,0.0,0.0,0.0,429.0,305.0,9.3
HERRING ox-eyed,0.0,0.0,0.0,0.0,0.0,0.0,0.0,0.0,0.0,0.0,429.0,131.0,6.3
HILSA,0.0,52.0,183.0,0.1,0.0,0.0,0.0,0.0,0.0,0.0,180.0,280.0,2.1
HORSE MACKEREL,0.0,0.0,0.0,0.0,0.0,0.0,0.0,0.0,0.0,0.0,357.0,262.0,2.0
INDIAN WHITING,0.0,0.0,0.0,0.0,0.0,0.0,0.0,0.0,0.0,0.0,71.0,262.0,2.2
JEW FISH (kora),0.0,0.0,0.0,0.0,0.0,0.0,0.0,0.0,0.0,0.0,286.0,305.0,4.4
JEW FISH (pallikora),0.0,0.0,0.0,0.0,0.0,0.0,0.0,0.0,0.0,0.0,214.0,262.0,4.8
KALABASU,0.0,0.0,0.0,0.0,0.0,0.0,0.0,0.0,0.0,0.0,320.0,380.0,0.8
KATLA,0.0,50.0,151.0,0.1,0.0,0.0,0.0,0.0,0.0,0.0,530.0,235.0,0.9
KHORSULA,0.0,0.0,0.0,0.1,0.0,0.0,0.0,0.0,0.0,0.0,410.0,160.0,0.6
KHOYRA fresh,0.0,0.0,0.0,0.0,0.0,0.0,0.0,0.0,0.0,0.0,590.0,220.0,0.7
KHOYRA dried,0.0,0.0,0.0,0.0,0.0,0.0,0.0,0.0,0.0,0.0,0.0,0.0,0.0
KOI,0.0,0.0,195.0,0.2,0.0,0.0,0.0,0.0,0.0,30.0,410.0,390.0,1.4
KOOCHA MACHLI,0.0,0.0,0.0,0.0,0.0,0.0,0.0,0.0,0.0,0.0,185.0,119.0,0.0
LATA,0.0,0.0,0.0,0.0,0.0,0.0,0.0,0.0,0.0,0.0,610.0,530.0,1.3
LOBSTER,0.0,0.0,0.0,0.0,0.0,0.0,0.0,0.0,0.0,0.0,16.0,279.0,0.0
MACKEREL,0.0,0.0,0.0,0.0,0.0,0.0,0.0,0.0,0.0,0.0,429.0,305.0,4.5
MAGUR,0.0,64.0,147.0,0.0,0.0,0.0,0.0,0.0,0.0,0.0,210.0,290.0,0.7
MAHASOLE,0.0,58.0,0.0,0.1,0.0,0.0,0.0,0.0,0.0,0.0,130.0,280.0,3.8
"MANDELI, dried",0.0,0.0,0.0,0.0,0.0,0.0,0.0,0.0,0.0,0.0,143.0,259.0,11.9
MRIGAL,0.0,0.0,0.0,0.1,0.0,0.0,0.0,0.0,0.0,0.0,350.0,280.0,1.1
MULLET,0.0,0.0,0.0,0.0,0.0,0.0,0.0,0.0,0.0,0.0,357.0,175.0,4.4
MUSHI dried,0.0,0.0,0.0,0.0,0.0,0.0,0.0,0.0,0.0,0.0,541.0,507.0,2.7
"MUSSEL, fresh water",0.0,0.0,0.0,0.0,0.0,0.0,0.0,0.0,0.0,0.0,592.0,406.0,0.0
"MUTIJELLA, dried",0.0,0.0,0.0,0.0,0.0,0.0,0.0,0.0,0.0,0.0,7240.0,834.0,1.0
OIL SARDINE,0.0,0.0,0.0,0.0,0.0,0.0,0.0,0.0,0.0,0.0,357.0,349.0,6.1
PABDA,0.0,0.0,0.0,0.1,0.0,0.0,0.0,0.0,0.0,0.0,310.0,210.0,1.3
PANGAS,0.0,0.0,0.0,0.1,0.0,0.0,0.0,0.0,0.0,0.0,180.0,130.0,0.5
PARSEY fresh,0.0,0.0,0.0,0.1,0.0,0.0,0.0,0.0,0.0,0.0,850.0,490.0,2.7
PARSEY dried,0.0,0.0,0.0,0.0,0.0,0.0,0.0,0.0,0.0,0.0,2231.0,396.0,17.4
"POMFRETS, black",0.0,0.0,0.0,0.0,0.0,0.0,0.0,0.0,0.0,0.0,286.0,306.0,2.3
"POMFRETS, white",0.0,0.0,0.0,0.0,0.0,0.0,0.0,0.0,0.0,0.0,200.0,290.0,0.9
PRAWN,0.0,66.0,262.0,0.0,0.0,0.0,0.0,0.0,0.0,0.0,323.0,278.0,5.3
PUTI,0.0,0.0,0.0,0.0,0.0,0.0,0.0,0.0,0.0,0.0,110.0,96.0,1.0
RAVAS,0.0,0.0,0.0,0.0,0.0,0.0,0.0,0.0,0.0,0.0,405.0,335.0,2.0
RAY,0.0,0.0,0.0,0.0,0.0,0.0,0.0,0.0,0.0,0.0,214.0,262.0,5.3
RIBBON FISH fresh,0.0,0.0,0.0,0.0,0.0,0.0,0.0,0.0,0.0,0.0,214.0,218.0,13.9
RIBBON FISH dried,0.0,0.0,0.0,0.0,0.0,0.0,0.0,0.0,0.0,0.0,739.0,700.0,4.2
ROHU,13.0,101.0,288.0,0.1,0.0,0.0,0.0,0.0,103.0,3.0,650.0,175.0,1.0
SARDINE,0.0,0.0,0.0,0.0,0.0,0.0,0.0,0.0,0.0,0.0,90.0,360.0,2.5
SARPUTI,0.0,0.0,0.0,0.1,0.0,0.0,0.0,0.0,0.0,0.0,220.0,120.0,0.5
SHARK,0.0,0.0,0.0,0.0,0.0,0.0,0.0,0.0,0.0,0.0,357.0,262.0,1.4
"SHRIMP (small, dried)",0.0,0.0,0.0,0.0,0.0,0.0,0.0,0.0,0.0,0.0,4384.0,1160.0,0.0
SEER,0.0,0.0,0.0,0.0,0.0,0.0,0.0,0.0,0.0,0.0,71.0,572.0,5.4
SILVER BELLY,0.0,0.0,0.0,0.0,0.0,0.0,0.0,0.0,0.0,0.0,715.0,741.0,2.2
SINGHALA,0.0,0.0,0.0,0.0,0.0,0.0,0.0,0.0,0.0,0.0,98.0,152.0,1.8
SINGHI,0.0,53.0,223.0,0.2,0.0,0.0,0.0,0.0,0.0,0.0,670.0,650.0,2.3
SOLE,0.0,0.0,0.0,0.1,0.0,0.0,0.0,0.0,0.0,0.0,140.0,95.0,0.5
SOLE (malahar),0.0,0.0,0.0,0.0,0.0,0.0,0.0,0.0,0.0,0.0,1072.0,524.0,0.5
SURMAI fresh,0.0,0.0,0.0,0.0,0.0,0.0,0.0,0.0,0.0,0.0,92.0,161.0,2.0
SURMAI dried,0.0,0.0,0.0,0.0,0.0,0.0,0.0,0.0,0.0,0.0,148.0,172.0,4.4
TAPRA (dried),0.0,0.0,0.0,0.7,0.0,0.0,0.0,0.0,0.0,0.0,771.0,552.0,19.3
TAPSI (dried),0.0,0.0,0.0,1.2,0.0,0.0,0.0,0.0,0.0,0.0,1597.0,595.0,41.2
TARTOOR,0.0,0.0,0.0,0.0,0.0,0.0,0.0,0.0,0.0,0.0,1072.0,218.0,4.9
TENGRA fresh,0.0,0.0,0.0,0.0,0.0,0.0,0.0,0.0,0.0,0.0,270.0,170.0,2.0
TENGRA dried,0.0,0.0,0.0,0.6,0.0,0.0,0.0,0.0,0.0,0.0,843.0,400.0,0.0
TUNNY,0.0,0.0,0.0,0.0,0.0,0.0,0.0,0.0,0.0,0.0,429.0,349.0,6.8
WHITE BAIT,0.0,0.0,0.0,0.0,0.0,0.0,0.0,0.0,0.0,0.0,643.0,437.0,3.8
BEEF meal,0.0,0.0,0.0,0.0,0.0,0.0,0.0,0.0,0.0,0.0,68.0,324.0,18.8
BEEF muscle,0.0,52.0,214.0,0.0,0.0,0.0,0.0,0.0,0.0,0.0,10.0,190.0,0.8
BUFFALO MEAT,0.0,0.0,0.0,0.0,0.0,0.0,0.0,0.0,0.0,0.0,3.0,189.0,0.0
DUCK,0.0,0.0,0.0,0.0,0.0,0.0,0.0,0.0,0.0,0.0,4.0,235.0,0.0
"EGG, duck",0.0,0.0,0.0,0.0,0.0,0.0,0.0,0.0,0.0,0.0,70.0,260.0,2.5
"EGG, hen",0.0,0.0,0.0,0.0,0.0,0.0,0.0,0.0,0.0,0.0,60.0,220.0,2.1
"EGG, turtle",0.0,0.0,0.0,0.0,0.0,0.0,0.0,0.0,0.0,0.0,93.0,299.0,0.0
FINCH,0.0,0.0,0.0,0.0,0.0,0.0,0.0,0.0,0.0,0.0,90.0,347.0,0.0
FOWL,0.0,0.0,0.0,0.0,0.0,0.0,0.0,0.0,0.0,0.0,25.0,245.0,0.0
GOAT MEAT (lean),0.0,0.0,0.0,0.0,0.0,0.0,0.0,0.0,0.0,0.0,12.0,193.0,0.0
GREY QUAIL,0.0,0.0,0.0,0.0,0.0,0.0,0.0,0.0,0.0,0.0,22.0,282.0,0.0
LIVER GOA5,0.0,73.0,160.0,0.0,0.0,0.0,0.0,0.0,0.0,0.0,17.0,279.0,0.0
LIVER SHEEP,0.0,0.0,0.0,0.0,0.0,0.0,0.0,0.0,0.0,0.0,10.0,380.0,6.3
"MUTTON, muscle",0.0,33.0,270.0,0.0,0.0,0.0,0.0,0.0,0.0,0.0,1590.0,150.0,2.5
PIGEON,0.0,0.0,0.0,0.0,0.0,0.0,0.0,0.0,0.0,0.0,12.0,290.0,0.0
"PORK, muscle",0.0,0.0,0.0,0.0,0.0,0.0,0.0,0.0,0.0,0.0,30.0,200.0,2.2
RUFF AND REEVE,0.0,0.0,0.0,0.0,0.0,0.0,0.0,0.0,0.0,0.0,3.0,321.0,0.0
"SNAIL, small",0.0,0.0,0.0,0.0,0.0,0.0,0.0,0.0,0.0,0.0,1321.0,147.0,0.0
"SNAIL, big",0.0,0.0,0.0,0.0,0.0,0.0,0.0,0.0,0.0,0.0,870.0,116.0,0.0
TURTLE'S MEAT,0.0,0.0,0.0,0.0,0.0,0.0,0.0,0.0,0.0,0.0,7.0,162.0,0.0
VENISON,0.0,0.0,0.0,0.0,0.0,0.0,0.0,0.0,0.0,0.0,3.0,233.0,0.0
MILK ass's,0.0,0.0,0.0,0.0,0.0,0.0,0.0,0.0,0.0,0.0,80.0,0.0,0.0
MILK buffalo's,0.0,19.0,90.0,0.0,0.0,0.0,0.0,0.0,0.0,0.0,210.0,130.0,0.2
MILK cow's,0.0,73.0,140.0,0.0,0.0,0.0,0.0,0.0,0.0,0.0,120.0,90.0,0.2
MILK goat's,0.0,11.0,110.0,0.0,0.0,0.0,0.0,0.0,0.0,0.0,170.0,120.0,0.3
MILK human,0.0,32.0,0.0,0.0,0.0,0.0,0.0,0.0,0.0,0.0,28.0,11.0,0.0
CURDS (cow's milk),0.0,0.0,130.0,0.0,0.0,0.0,0.0,0.0,0.0,0.0,149.0,93.0,0.2
BUTTER MILK,0.0,0.0,0.0,0.0,0.0,0.0,0.0,0.0,0.0,0.0,30.0,30.0,0.1
"SKIMMED MILK, liquid",0.0,0.0,0.0,0.0,0.0,0.0,0.0,0.0,0.0,0.0,120.0,90.0,0.2
"CHANNA, cow's milk",0.0,0.0,0.0,0.0,0.0,0.0,0.0,0.0,0.0,0.0,208.0,138.0,0.0
"CHANNA, buffalo's",0.0,0.0,0.0,0.0,0.0,0.0,0.0,0.0,0.0,0.0,480.0,277.0,0.0
CHEESE,0.0,0.0,0.0,0.0,0.0,0.0,0.0,0.0,0.0,0.0,790.0,520.0,2.1
KHOA (whole buffalo milk),0.0,0.0,0.0,0.0,0.0,0.0,0.0,0.0,0.0,0.0,650.0,420.0,5.8
KHOA (skimmed buffalo milk),0.0,0.0,0.0,0.0,0.0,0.0,0.0,0.0,0.0,0.0,990.0,650.0,2.7
KHOA (whole cow milk),0.0,0.0,0.0,0.0,0.0,0.0,0.0,0.0,0.0,0.0,956.0,613.0,0.0
SKIMMED MILK POWDER (cow's milk),0.0,0.0,0.0,0.0,0.0,0.0,0.0,0.0,0.0,0.0,1370.0,1000.0,1.4
WHOLE MILK POWDER (cow's milk),0.0,0.0,0.0,0.0,0.0,0.0,0.0,0.0,0.0,0.0,950.0,730.0,0.6
BUTTER,0.0,0.0,0.0,0.0,0.0,0.0,0.0,0.0,0.0,0.0,0.0,0.0,0.0
GHEE (cow),0.0,0.0,0.0,0.0,0.0,0.0,0.0,0.0,0.0,0.0,0.0,0.0,0.0
GHEE (buffalo),0.0,0.0,0.0,0.0,0.0,0.0,0.0,0.0,0.0,0.0,0.0,0.0,0.0
HYDROGENATED OIL (fortified),0.0,0.0,0.0,0.0,0.0,0.0,0.0,0.0,0.0,0.0,0.0,0.0,0.0
"COOKING OIL (Gnut,ging,palm,must,coconut",0.0,0.0,0.0,0.0,0.0,0.0,0.0,0.0,0.0,0.0,0.0,0.0,0.0
SUGAR CANE,0.0,0.0,0.0,0.0,0.0,0.0,0.0,0.0,0.0,0.0,12.0,1.0,0.155
HONEY,0.0,0.0,0.0,0.0,0.0,0.0,0.0,0.0,0.0,0.0,5.0,16.0,0.696
JAGGERY (cane),0.0,0.0,0.0,0.0,0.0,0.0,0.0,0.0,0.0,0.0,80.0,40.0,2.64
JAGGERY (coconut),0.0,0.0,0.0,0.0,0.0,0.0,0.0,0.0,0.0,0.0,1638.0,62.0,0.0
JAGGERY (date palm),0.0,0.0,0.0,0.0,0.0,0.0,0.0,0.0,0.0,0.0,363.0,62.0,0.0
JAGGERY (fan palm),0.0,0.0,0.0,0.0,0.0,0.0,0.0,0.0,0.0,0.0,225.0,44.0,0.0
JAGGERY (sago palm),0.0,0.0,0.0,0.0,0.0,0.0,0.0,0.0,0.0,0.0,1252.0,372.0,0.0
SAGO,0.0,0.0,0.0,0.0,0.0,0.0,0.0,0.0,0.0,0.0,10.0,10.0,1.3
PACHWAI (Assam),51.0,0.0,110.0,0.0,0.0,0.0,0.0,0.0,25.0,0.0,12.0,100.0,4.5
"TODDY, fermented",0.0,0.0,0.0,0.0,0.0,0.0,0.0,0.0,0.0,0.0,0.0,0.0,0.0
"TODDY, sweet",0.0,0.0,0.0,0.0,0.0,0.0,0.0,0.0,0.0,0.0,150.0,10.0,0.3
NEERA,0.0,0.0,0.0,0.0,0.0,0.0,0.0,0.0,0.0,0.0,0.0,140.0,0.1
SUGAR CANE JUICE,0.0,0.0,0.0,0.0,0.0,0.0,0.0,0.0,0.0,0.0,10.0,10.0,0.1
BAMBOO SEEDS,32.0,91.0,0.0,0.2,0.0,0.0,0.0,0.0,0.0,76.0,37.0,162.0,6.4
BANTI,0.0,0.0,0.0,0.0,0.0,0.0,0.0,0.0,0.0,0.0,14.0,121.0,5.0
BUCK WHEAT,227.0,16.2,362.0,0.2,0.0,0.0,0.0,0.0,148.0,6.0,64.0,355.0,15.5
CHENOPODIUM ALBUM SEEDS,292.0,0.0,0.0,0.5,2.1,0.1,2.4,0.0,0.0,0.0,300.0,416.0,5.3
COWAGE SEED FLOUR,0.0,0.0,0.0,0.0,0.0,0.0,0.0,0.0,0.0,0.0,188.0,211.0,0.0
DAINCHA SEEDS,0.0,0.0,0.0,0.0,0.0,0.0,0.0,0.0,0.0,0.0,240.0,390.0,16.5
JOB'S TEARS,0.0,0.0,0.0,0.0,0.0,0.0,0.0,0.0,0.0,0.0,23.0,408.0,4.2
OATMEAL,0.0,0.0,0.0,0.0,0.0,0.0,0.0,0.0,0.0,0.0,50.0,380.0,3.8
KITTUL FLOUR,0.0,0.0,0.0,0.0,0.0,0.0,0.0,0.0,0.0,0.0,130.0,60.0,20.0
LOTUS SEED,0.0,0.0,0.0,0.0,0.0,0.0,0.0,0.0,0.0,0.0,36.0,294.0,2.3
MAKHANA,0.0,0.0,0.0,0.0,0.0,0.0,0.0,0.0,0.0,0.0,20.0,90.0,1.4
RAJKEERA SEEDS,351.0,0.0,0.0,0.6,0.0,0.0,0.0,0.0,174.0,9.0,223.0,655.0,17.6
WATER LILY SEEDS,0.0,0.0,0.0,0.0,0.0,0.0,0.0,0.0,0.0,0.0,20.0,110.0,0.0
GOA BEANS,269.0,0.0,0.0,1.0,3.3,0.0,3.0,0.0,0.0,0.0,0.0,0.0,0.0
MALMANDI,0.0,0.0,0.0,0.0,0.0,0.0,0.0,0.0,0.0,0.0,154.0,291.0,0.0
SUTARI,0.0,0.0,0.0,0.0,0.0,0.0,0.0,0.0,0.0,0.0,302.0,297.0,0.0
"BAMBOO, tender shoots",0.0,0.0,0.0,0.0,0.0,0.0,0.0,0.0,0.0,0.0,20.0,65.0,0.1
CEYLON PASALI,0.0,0.0,0.0,0.0,0.0,0.0,0.0,0.0,0.0,0.0,120.0,16.0,0.9
CHIMTI SAG,0.0,0.0,0.0,0.0,0.0,0.0,0.0,0.0,0.0,0.0,194.0,48.0,0.0
GIRIA SAG,0.0,0.0,0.0,0.0,0.0,0.0,0.0,0.0,0.0,0.0,50.0,79.0,1.6
GULCHARNI,0.0,0.0,0.0,0.0,0.0,0.0,0.0,0.0,0.0,0.0,59.0,60.0,0.0
KASINI KEERAT,0.0,0.0,0.0,0.0,0.0,0.0,0.0,0.0,0.0,0.0,94.0,21.0,8.0
KATHA SAG,0.0,0.0,0.0,0.0,0.0,0.0,0.0,0.0,0.0,0.0,253.0,35.0,0.0
KENA SAG,0.0,0.0,0.0,0.0,0.0,0.0,0.0,0.0,0.0,0.0,100.0,50.0,0.0
KHESARI LEAVES,0.0,0.0,0.0,0.0,0.0,0.0,0.0,0.0,0.0,0.0,160.0,100.0,7.3
KOILA KARHA SAG,0.0,0.0,0.0,0.0,0.0,0.0,0.0,0.0,0.0,0.0,330.0,21.0,0.0
KONAR SAG,0.0,0.0,0.0,0.0,0.0,0.0,0.0,0.0,0.0,0.0,312.0,92.0,0.0
KORLA LEAVES,0.0,0.0,0.0,0.0,0.0,0.0,0.0,0.0,0.0,0.0,112.0,122.0,12.1
MANAL KEERAI,0.0,0.0,0.0,0.0,0.0,0.0,0.0,0.0,0.0,0.0,370.0,67.0,12.3
MATA SAG (lupu),0.0,0.0,0.0,0.0,0.0,0.0,0.0,0.0,0.0,0.0,1717.0,80.0,0.0
NACHUKOTTA KEERAI,0.0,0.0,0.0,0.0,0.0,0.0,0.0,0.0,0.0,0.0,585.0,45.0,41.6
NEEM LEAVES mature,0.0,0.0,0.0,0.0,0.0,0.0,0.0,0.0,0.0,0.0,510.0,80.0,17.1
NEEM LEAVES tender,127.0,72.2,254.0,0.6,0.0,0.0,0.0,0.0,96.0,26.0,130.0,190.0,25.3
PACHARISI KEERAI,0.0,0.0,0.0,0.0,0.0,0.0,0.0,0.0,0.0,0.0,546.0,106.0,21.2
PANNA KEERAI,0.0,0.0,0.0,0.0,0.0,0.0,0.0,0.0,0.0,0.0,268.0,33.0,24.0
PARWAR SAG,0.0,0.0,0.0,0.0,0.0,0.0,0.0,0.0,0.0,0.0,531.0,73.0,0.0
PASARAI KEERAI,0.0,0.0,0.0,0.0,0.0,0.0,0.0,0.0,0.0,0.0,148.0,25.0,58.2
PATUA SAG,0.0,0.0,0.0,0.0,0.0,0.0,0.0,0.0,0.0,0.0,241.0,93.0,0.0
POTATO LEAVES,0.0,0.0,0.0,0.0,0.0,0.0,0.0,0.0,0.0,0.0,120.0,50.0,0.0
PULIARA KEERAI,0.0,0.0,0.0,0.0,0.0,0.0,0.0,0.0,0.0,0.0,116.0,35.0,4.1
PUNNAKU KEERAI,0.0,0.0,0.0,0.0,0.0,0.0,0.0,0.0,0.0,0.0,250.0,38.0,35.7
PERANDAI,0.0,0.0,0.0,0.0,0.0,0.0,0.0,0.0,0.0,0.0,650.0,50.0,2.1
SARAVALLAI KEERAI,0.0,0.0,0.0,0.0,0.0,0.0,0.0,0.0,0.0,0.0,100.0,30.0,38.5
SARLI SAG,0.0,0.0,0.0,0.0,0.0,0.0,0.0,0.0,0.0,0.0,127.0,51.0,0.0
SEEMAI PONNANGANNI,0.0,0.0,0.0,0.0,0.0,0.0,0.0,0.0,0.0,0.0,322.0,29.0,16.8
SINDUAR SAG,0.0,0.0,0.0,0.0,0.0,0.0,0.0,0.0,0.0,0.0,323.0,38.0,0.0
"SINDUAR, (wild)",0.0,0.0,0.0,0.0,0.0,0.0,0.0,0.0,0.0,0.0,104.0,40.0,0.0
SONCHAL SAG,0.0,680.0,0.0,0.4,0.0,0.0,0.0,0.0,0.0,0.0,300.0,60.0,19.5
SOYA LEAVES,57.0,0.0,0.0,0.1,0.5,0.4,0.0,0.0,0.0,0.0,180.0,190.0,8.0
SWEET POTATO LEAVES,0.0,0.0,0.0,0.0,0.0,0.0,0.0,0.0,0.0,0.0,360.0,60.0,10.0
THOODUVALAI KEERAI,0.0,0.0,0.0,0.0,0.0,0.0,0.0,0.0,0.0,0.0,334.0,52.0,5.0
VEETHI KEERAI,0.0,0.0,0.0,0.0,0.0,0.0,0.0,0.0,0.0,0.0,366.0,62.0,11.5
VELAIKEERAI,0.0,0.0,0.0,0.0,0.0,0.0,0.0,0.0,0.0,0.0,778.0,100.0,31.6
VELLA KEERAI,0.0,0.0,0.0,0.0,0.0,0.0,0.0,0.0,0.0,0.0,881.0,73.0,24.4
WATER CRESS,0.0,0.0,0.0,0.0,0.0,0.0,0.0,0.0,0.0,0.0,290.0,140.0,4.6
BOKWA,0.0,0.0,0.0,0.0,0.0,0.0,0.0,0.0,0.0,0.0,25.0,53.0,0.0
BUDHIA,0.0,0.0,0.0,0.0,0.0,0.0,0.0,0.0,0.0,0.0,200.0,40.0,0.0
BID ROOT,0.0,0.0,0.0,0.0,0.0,0.0,0.0,0.0,0.0,0.0,11.0,133.0,0.0
"CANNA, edible",0.0,0.0,0.0,0.0,0.0,0.0,0.0,0.0,0.0,0.0,20.0,25.0,0.8
CHUMBIA,0.0,0.0,0.0,0.0,0.0,0.0,0.0,0.0,0.0,0.0,52.0,49.0,0.0
CHURKIA,0.0,0.0,0.0,0.0,0.0,0.0,0.0,0.0,0.0,0.0,19.0,38.0,0.0
EPIDONG SANGA,0.0,0.0,0.0,0.0,0.0,0.0,0.0,0.0,0.0,0.0,277.0,59.0,0.0
GARMAR,0.0,0.0,0.0,0.0,0.0,0.0,0.0,0.0,0.0,0.0,153.0,13.0,0.6
JIPOO SANGA,0.0,0.0,0.0,0.0,0.0,0.0,0.0,0.0,0.0,0.0,11.0,7.0,0.0
LOTUS ROOT,0.0,0.0,0.0,0.0,0.0,0.0,0.0,0.0,0.0,0.0,21.0,74.0,0.4
MOOR SANGA,0.0,0.0,0.0,0.0,0.0,0.0,0.0,0.0,0.0,0.0,25.0,21.0,0.0
MURUM SANGA,0.0,0.0,0.0,0.0,0.0,0.0,0.0,0.0,0.0,0.0,24.0,24.0,0.0
OCHEN SANGA,0.0,0.0,0.0,0.0,0.0,0.0,0.0,0.0,0.0,0.0,64.0,89.0,0.0
SONG,0.0,0.0,0.0,0.0,0.0,0.0,0.0,0.0,0.0,0.0,39.0,64.0,0.0
TURUM SANGA,0.0,0.0,0.0,0.0,0.0,0.0,0.0,0.0,0.0,0.0,342.0,19.0,0.0
"WATER LILY, red",0.0,0.0,0.0,0.0,0.0,0.0,0.0,0.0,0.0,0.0,65.0,217.0,0.0
"WATER LILY, white",0.0,0.0,0.0,0.0,0.0,0.0,0.0,0.0,0.0,0.0,76.0,220.0,0.0
AGATHI FLOWERS,0.0,0.0,0.0,0.0,0.0,0.0,0.0,0.0,0.0,0.0,9.0,5.0,0.0
ARTICHOKE,0.0,0.0,0.0,0.0,0.0,0.0,0.0,0.0,0.0,0.0,120.0,100.0,2.3
BAGNAHA,0.0,0.0,0.0,0.0,0.0,0.0,0.0,0.0,0.0,0.0,64.0,81.0,0.0
"BOROOEE, raw",0.0,0.0,0.0,0.0,0.0,0.0,0.0,0.0,0.0,0.0,30.0,18.0,0.0
CHALTHA,0.0,0.0,0.0,0.0,0.0,0.0,0.0,0.0,0.0,0.0,16.0,26.0,0.0
KANDAN KATHIRI,0.0,0.0,0.0,0.0,0.0,0.0,0.0,0.0,0.0,0.0,100.0,90.0,1.2
"LOTUS SEED, green and mature",0.0,0.0,0.0,0.0,0.0,0.0,0.0,0.0,0.0,0.0,49.0,151.0,0.0
MADAPU GINJA,0.0,0.0,0.0,0.0,0.0,0.0,0.0,0.0,0.0,0.0,270.0,440.0,4.5
MUSHROOM,0.0,0.0,0.0,0.0,0.0,0.0,0.0,0.0,0.0,0.0,6.0,110.0,1.5
PHUTKA CHATTOO,0.0,0.0,0.0,0.0,0.0,0.0,0.0,0.0,0.0,0.0,16.0,73.0,0.0
NISORHA FLOWERS,0.0,0.0,0.0,0.0,0.0,0.0,0.0,0.0,0.0,0.0,1740.0,116.0,0.0
RHUBARB STALKS,0.0,0.0,0.0,0.0,0.0,0.0,0.0,0.0,0.0,0.0,120.0,10.0,2.2
SANGA KA PHAL,0.0,0.0,0.0,0.0,0.0,0.0,0.0,0.0,0.0,0.0,16.0,48.0,0.0
SANNHEMP FLOWERS,0.0,0.0,0.0,0.0,0.0,0.0,0.0,0.0,0.0,0.0,200.0,100.0,0.0
"SEA WEEDS, fresh",0.0,0.0,0.0,0.0,0.0,0.0,0.0,0.0,0.0,0.0,134.0,10.0,7.0
"SEA WEEDS, dry",0.0,0.0,0.0,0.0,0.0,0.0,0.0,0.0,0.0,0.0,1543.0,114.0,0.0
SILK COTTON FLOWERS,0.0,0.0,0.0,0.0,0.0,0.0,0.0,0.0,0.0,0.0,22.0,45.0,0.0
TETROLOBAR BEAN,0.0,0.0,0.0,0.0,0.0,0.0,0.0,0.0,0.0,0.0,30.0,20.0,0.0
WATER LILY FLOWERS,0.0,0.0,0.0,0.0,0.0,0.0,0.0,0.0,0.0,0.0,29.0,18.0,0.0
ADDA SEED (kernel),0.0,0.0,0.0,0.0,0.0,0.0,0.0,0.0,0.0,0.0,302.0,718.0,6.8
JUNGLI BADAM,274.0,0.0,517.0,0.8,0.0,0.0,0.0,0.0,122.0,12.0,33.0,415.0,1.7
OYSTER NUT,0.0,0.0,0.0,0.0,0.0,0.0,0.0,0.0,0.0,0.0,10.0,570.0,4.1
MANGO SEED KERNEL,0.0,0.0,0.0,0.0,0.0,0.0,0.0,0.0,0.0,0.0,40.0,110.0,0.7
ROSELLE SEEDS,0.0,0.0,0.0,0.0,0.0,0.0,0.0,0.0,0.0,0.0,300.0,600.0,0.0
BAJJAR BHANG,405.0,0.0,0.0,0.0,0.0,0.0,0.0,0.0,0.0,23.0,83.0,424.0,20.0
"TAMARIND SEED KERNEL, roasted",0.0,0.0,0.0,0.0,0.0,0.0,0.0,0.0,0.0,0.0,121.0,237.0,0.0
PUMPKIN SEED,0.0,0.0,0.0,0.0,0.0,0.0,0.0,0.0,0.0,0.0,50.0,830.0,5.5
OKRA (whole seed),0.0,0.0,0.0,0.0,0.0,0.0,0.0,0.0,0.0,0.0,0.0,0.0,0.0
OKRA (kernel),0.0,0.0,0.0,0.0,0.0,0.0,0.0,0.0,0.0,0.0,0.0,0.0,0.0
CLEOME VISCOSA defatted seed cake,0.0,0.0,0.0,0.0,0.0,0.0,0.0,0.0,0.0,0.0,0.0,0.0,0.0
MARKING NUT (kernel),0.0,0.0,0.0,0.0,0.0,0.0,0.0,0.0,0.0,0.0,295.0,836.0,6.1
BAINCHA,0.0,0.0,0.0,0.0,0.0,0.0,0.0,0.0,0.0,0.0,100.0,100.0,0.0
BAMBOO FRUIT,0.0,0.0,0.0,0.0,0.0,0.0,0.0,0.0,0.0,0.0,10.0,110.0,1.5
BLACKBERRY,0.0,0.0,0.0,0.0,0.0,0.0,0.0,0.0,0.0,0.0,30.0,20.0,4.3
BOROOEE,0.0,0.0,0.0,0.0,0.0,0.0,0.0,0.0,0.0,0.0,68.0,64.0,0.0
CARAMBOLA,0.0,0.0,0.0,0.0,0.0,0.0,0.0,0.0,0.0,0.0,4.0,11.0,0.0
CHERIMOYER,0.0,0.0,0.0,0.0,0.0,0.0,0.0,0.0,0.0,0.0,30.0,20.0,0.4
DURIAN,0.0,0.0,0.0,0.0,0.0,0.0,0.0,0.0,0.0,0.0,10.0,50.0,1.0
GAB,0.0,0.0,0.0,0.0,0.0,0.0,0.0,0.0,0.0,0.0,58.0,27.0,0.0
JURMATA,0.0,0.0,0.0,0.0,0.0,0.0,0.0,0.0,0.0,0.0,115.0,101.0,0.0
KESAUR,0.0,0.0,0.0,0.0,0.0,0.0,0.0,0.0,0.0,0.0,11.0,15.0,0.0
KILA PAZHAM,0.0,0.0,0.0,0.0,0.0,0.0,0.0,0.0,0.0,0.0,20.0,10.0,1.4
KUSUM FRUITS,0.0,0.0,0.0,0.0,0.0,0.0,0.0,0.0,0.0,0.0,15.0,42.0,0.0
LANGSAT,0.0,0.0,0.0,0.0,0.0,0.0,0.0,0.0,0.0,0.0,20.0,30.0,0.5
"MATASURA, whole fruit",0.0,0.0,0.0,0.0,0.0,0.0,0.0,0.0,0.0,0.0,138.0,28.0,0.0
"MATASURA, skin & pulp",0.0,0.0,0.0,0.0,0.0,0.0,0.0,0.0,0.0,0.0,16.0,22.0,0.0
MULCHARI,0.0,0.0,0.0,0.0,0.0,0.0,0.0,0.0,0.0,0.0,212.0,30.0,0.0
NEEM FRUIT,0.0,0.0,0.0,0.0,0.0,0.0,0.0,0.0,0.0,0.0,25.0,41.0,0.0
NISORHA,0.0,0.0,0.0,0.0,0.0,0.0,0.0,0.0,0.0,0.0,40.0,60.0,0.0
PANIYALA,0.0,0.0,0.0,0.0,0.0,0.0,0.0,0.0,0.0,0.0,43.0,25.0,0.0
PAPA,0.0,0.0,0.0,0.0,0.0,0.0,0.0,0.0,0.0,0.0,24.0,91.0,0.0
PERAR,0.0,0.0,0.0,0.0,0.0,0.0,0.0,0.0,0.0,0.0,33.0,13.0,0.0
PIPAL TREE FIGS,0.0,0.0,0.0,0.0,0.0,0.0,0.0,0.0,0.0,0.0,289.0,89.0,0.0
PIYAL,0.0,0.0,0.0,0.0,0.0,0.0,0.0,0.0,0.0,0.0,78.0,28.0,0.0
RAYAN,0.0,0.0,0.0,0.0,0.0,0.0,0.0,0.0,0.0,0.0,83.0,17.0,0.9
SIRK,0.0,0.0,0.0,0.0,0.0,0.0,0.0,0.0,0.0,0.0,270.0,94.0,0.0
STAR APPLE,0.0,0.0,0.0,0.0,0.0,0.0,0.0,0.0,0.0,0.0,5.0,10.0,0.0
THAVITTU PAZHAM,30.0,7.7,106.0,0.2,0.0,0.0,0.0,0.0,30.0,19.0,40.0,15.0,0.9
TUMKI,0.0,0.0,0.0,0.0,0.0,0.0,0.0,0.0,0.0,0.0,60.0,20.0,0.5
VIKKI PAZHAM,37.0,3.9,435.0,0.1,0.0,0.0,0.0,0.0,68.0,85.0,37.0,26.0,311.0
